{"stats":{"minecraft:picked_up":{"minecraft:wheat_seeds":1,"minecraft:rose_bush":7,"minecraft:oak_log":16,"minecraft:oak_sapling":2,"minecraft:dirt":9},"minecraft:custom":{"minecraft:time_since_rest":3220,"minecraft:walk_one_cm":6127,"minecraft:crouch_one_cm":440,"minecraft:play_time":16151,"minecraft:sprint_one_cm":19763,"minecraft:damage_taken":495,"minecraft:deaths":2,"minecraft:sneak_time":350,"minecraft:drop":13,"minecraft:jump":122,"minecraft:time_since_death":3754,"minecraft:total_world_time":16151,"minecraft:fall_one_cm":3460,"minecraft:fly_one_cm":30133},"minecraft:mined":{"minecraft:grass":1,"minecraft:oak_log":16,"minecraft:rose_bush":9,"minecraft:oak_leaves":2},"minecraft:dropped":{"minecraft:dirt":12,"minecraft:wheat_seeds":1}},"DataVersion":3465}