{"stats":{"minecraft:picked_up":{"minecraft:wheat_seeds":1,"minecraft:rose_bush":7,"minecraft:oak_log":19,"minecraft:oak_sapling":2,"minecraft:dirt":9,"minecraft:cobblestone":12},"minecraft:custom":{"minecraft:time_since_rest":1,"minecraft:damage_taken":1165,"minecraft:play_time":28150,"minecraft:crouch_one_cm":2210,"minecraft:walk_one_cm":24314,"minecraft:sprint_one_cm":55798,"minecraft:deaths":4,"minecraft:sneak_time":852,"minecraft:walk_under_water_one_cm":406,"minecraft:mob_kills":1,"minecraft:drop":13,"minecraft:jump":389,"minecraft:damage_dealt":50,"minecraft:leave_game":1,"minecraft:time_since_death":1389,"minecraft:walk_on_water_one_cm":7907,"minecraft:climb_one_cm":3832,"minecraft:total_world_time":28150,"minecraft:swim_one_cm":25778,"minecraft:interact_with_crafting_table":2,"minecraft:fly_one_cm":83528,"minecraft:fall_one_cm":16635},"minecraft:used":{"minecraft:stone_sword":1,"minecraft:crafting_table":1,"minecraft:stone_pickaxe":4,"minecraft:wooden_pickaxe":12},"minecraft:mined":{"minecraft:infested_deepslate":1,"minecraft:grass":1,"minecraft:oak_log":19,"minecraft:infested_cobblestone":3,"minecraft:rose_bush":9,"minecraft:stone":12,"minecraft:oak_leaves":2},"minecraft:dropped":{"minecraft:dirt":12,"minecraft:wheat_seeds":1},"minecraft:crafted":{"minecraft:stone_sword":1,"minecraft:oak_planks":64,"minecraft:crafting_table":1,"minecraft:stick":8,"minecraft:wooden_pickaxe":1,"minecraft:stone_pickaxe":1}},"DataVersion":3465}