{"stats":{"minecraft:picked_up":{"minecraft:oak_log":19,"minecraft:jungle_slab":2,"minecraft:dirt":9,"minecraft:jungle_stairs":1,"minecraft:wheat_seeds":1,"minecraft:rose_bush":7,"minecraft:oak_sapling":2,"minecraft:cobblestone":12},"minecraft:custom":{"minecraft:time_since_rest":10990,"minecraft:sprint_one_cm":78317,"minecraft:damage_taken":1165,"minecraft:walk_one_cm":31202,"minecraft:mob_kills":1,"minecraft:drop":13,"minecraft:damage_dealt":50,"minecraft:swim_one_cm":29506,"minecraft:interact_with_crafting_table":2,"minecraft:fly_one_cm":91678,"minecraft:open_chest":2,"minecraft:crouch_one_cm":2517,"minecraft:play_time":40150,"minecraft:deaths":4,"minecraft:sneak_time":1012,"minecraft:walk_under_water_one_cm":912,"minecraft:jump":501,"minecraft:leave_game":1,"minecraft:walk_on_water_one_cm":8565,"minecraft:time_since_death":13389,"minecraft:interact_with_smoker":1,"minecraft:total_world_time":40150,"minecraft:climb_one_cm":13360,"minecraft:fall_one_cm":16635},"minecraft:used":{"minecraft:stone_sword":1,"minecraft:stone_pickaxe":4,"minecraft:jungle_stairs":1,"minecraft:wooden_pickaxe":12,"minecraft:crafting_table":1,"minecraft:jungle_slab":2},"minecraft:mined":{"minecraft:infested_deepslate":1,"minecraft:jungle_slab":2,"minecraft:jungle_stairs":1,"minecraft:grass":1,"minecraft:oak_log":19,"minecraft:infested_cobblestone":3,"minecraft:vine":1,"minecraft:rose_bush":9,"minecraft:stone":12,"minecraft:oak_leaves":2},"minecraft:dropped":{"minecraft:dirt":12,"minecraft:wheat_seeds":1},"minecraft:crafted":{"minecraft:oak_planks":64,"minecraft:crafting_table":1,"minecraft:stick":8,"minecraft:wooden_pickaxe":1,"minecraft:stone_pickaxe":1,"minecraft:stone_sword":1}},"DataVersion":3465}