{"stats":{"minecraft:used":{"minecraft:dirt":23},"minecraft:custom":{"minecraft:jump":18,"minecraft:crouch_one_cm":1163,"minecraft:leave_game":2,"minecraft:play_time":7343,"minecraft:sprint_one_cm":1677,"minecraft:time_since_death":7343,"minecraft:walk_one_cm":11866,"minecraft:sneak_time":238,"minecraft:total_world_time":7343,"minecraft:fall_one_cm":209,"minecraft:fly_one_cm":568,"minecraft:time_since_rest":7343},"minecraft:picked_up":{"minecraft:birch_log":2,"minecraft:oak_log":1,"minecraft:dirt":23},"minecraft:mined":{"minecraft:birch_log":2,"minecraft:grass":1,"minecraft:grass_block":20,"minecraft:oak_log":1,"minecraft:oak_leaves":3,"minecraft:dirt":3}},"DataVersion":3465}