{"stats":{"minecraft:killed":{"minecraft:sheep":2},"minecraft:used":{"minecraft:stone_pickaxe":20,"minecraft:chest":1,"minecraft:wooden_pickaxe":9,"minecraft:stone_axe":12,"minecraft:dirt":55,"minecraft:crafting_table":1},"minecraft:killed_by":{"minecraft:zombie":1},"minecraft:custom":{"minecraft:time_since_rest":4239,"minecraft:sprint_one_cm":65927,"minecraft:damage_taken":1375,"minecraft:walk_one_cm":145639,"minecraft:mob_kills":2,"minecraft:drop":1,"minecraft:damage_dealt":273,"minecraft:swim_one_cm":314,"minecraft:interact_with_crafting_table":6,"minecraft:fly_one_cm":62229,"minecraft:open_chest":1,"minecraft:crouch_one_cm":1699,"minecraft:play_time":47214,"minecraft:deaths":5,"minecraft:sneak_time":459,"minecraft:walk_under_water_one_cm":683,"minecraft:jump":540,"minecraft:leave_game":4,"minecraft:time_since_death":6638,"minecraft:walk_on_water_one_cm":3714,"minecraft:total_world_time":47214,"minecraft:fall_one_cm":8015},"minecraft:crafted":{"minecraft:crafting_table":1,"minecraft:stick":16,"minecraft:wooden_pickaxe":1,"minecraft:stone_pickaxe":1,"minecraft:chest":1,"minecraft:birch_planks":24,"minecraft:stone_axe":1},"minecraft:picked_up":{"minecraft:birch_log":8,"immersivecaves:immersive_caves_guide":1,"minecraft:pumpkin":6,"minecraft:oak_log":12,"minecraft:dirt":77,"minecraft:wheat_seeds":2,"minecraft:mutton":2,"minecraft:birch_sapling":1,"minecraft:white_wool":2,"minecraft:cobblestone":40},"minecraft:mined":{"minecraft:birch_log":8,"minecraft:birch_leaves":7,"minecraft:pumpkin":3,"minecraft:grass":10,"minecraft:grass_block":44,"minecraft:oak_log":9,"minecraft:dirt":26,"minecraft:tall_grass":13,"minecraft:stone":24,"minecraft:oak_leaves":18},"minecraft:dropped":{"minecraft:oak_log":3}},"DataVersion":3465}