{"stats":{"minecraft:killed":{"minecraft:sheep":3},"minecraft:used":{"minecraft:cooked_mutton":2,"minecraft:stone_pickaxe":20,"minecraft:chest":1,"minecraft:wooden_pickaxe":9,"minecraft:stone_axe":12,"minecraft:torch":7,"minecraft:dirt":76,"minecraft:cobblestone":1,"minecraft:crafting_table":3,"minecraft:white_bed":2,"minecraft:egg":1},"minecraft:killed_by":{"minecraft:zombie":1},"minecraft:custom":{"minecraft:time_since_rest":4520,"minecraft:interact_with_furnace":7,"minecraft:sprint_one_cm":105282,"minecraft:damage_taken":1998,"minecraft:walk_one_cm":205005,"minecraft:mob_kills":3,"minecraft:drop":3,"minecraft:damage_dealt":374,"minecraft:swim_one_cm":314,"minecraft:interact_with_crafting_table":14,"minecraft:fly_one_cm":96863,"minecraft:open_chest":1,"minecraft:crouch_one_cm":2282,"minecraft:play_time":71214,"minecraft:deaths":7,"minecraft:sneak_time":858,"minecraft:walk_under_water_one_cm":683,"minecraft:jump":815,"minecraft:leave_game":4,"minecraft:time_since_death":4671,"minecraft:walk_on_water_one_cm":3714,"minecraft:sleep_in_bed":1,"minecraft:total_world_time":71214,"minecraft:fall_one_cm":15633},"minecraft:crafted":{"minecraft:crafting_table":1,"minecraft:stick":16,"minecraft:wooden_pickaxe":1,"minecraft:stone_pickaxe":1,"minecraft:chest":1,"minecraft:white_bed":1,"minecraft:torch":4,"minecraft:birch_planks":24,"minecraft:stone_axe":1,"minecraft:air":0,"minecraft:cooked_mutton":3},"minecraft:picked_up":{"minecraft:birch_log":8,"minecraft:stick":1,"minecraft:crafting_table":2,"immersivecaves:immersive_caves_guide":1,"minecraft:pumpkin":6,"minecraft:torch":5,"minecraft:oak_log":12,"minecraft:diorite":2,"minecraft:white_bed":1,"minecraft:dirt":98,"minecraft:wheat_seeds":2,"minecraft:oak_planks":4,"minecraft:mutton":3,"minecraft:birch_sapling":1,"minecraft:coal":1,"minecraft:white_wool":3,"minecraft:cobblestone":59,"minecraft:egg":1},"minecraft:mined":{"minecraft:white_bed":1,"minecraft:birch_log":8,"minecraft:birch_leaves":7,"minecraft:pumpkin":3,"minecraft:crafting_table":2,"minecraft:grass":10,"minecraft:grass_block":55,"minecraft:oak_log":9,"minecraft:dirt":35,"minecraft:tall_grass":13,"minecraft:stone":24,"minecraft:oak_leaves":28},"minecraft:dropped":{"minecraft:oak_log":3,"minecraft:torch":1,"minecraft:cooked_mutton":1}},"DataVersion":3465}