{"stats":{"minecraft:picked_up":{"minecraft:birch_log":2,"immersivecaves:immersive_caves_guide":1,"minecraft:oak_log":1,"minecraft:dirt":36,"minecraft:cobblestone":16},"minecraft:custom":{"minecraft:time_since_rest":1113,"minecraft:deaths":2,"minecraft:crouch_one_cm":1177,"minecraft:sprint_one_cm":7823,"minecraft:play_time":14252,"minecraft:damage_taken":605,"minecraft:walk_one_cm":33112,"minecraft:sneak_time":274,"minecraft:jump":134,"minecraft:damage_dealt":58,"minecraft:leave_game":3,"minecraft:time_since_death":1526,"minecraft:total_world_time":14252,"minecraft:fall_one_cm":1962,"minecraft:fly_one_cm":3922},"minecraft:used":{"minecraft:dirt":23},"minecraft:mined":{"minecraft:grass":1,"minecraft:grass_block":22,"minecraft:oak_log":1,"minecraft:dirt":3,"minecraft:birch_log":2,"minecraft:birch_leaves":2,"minecraft:oak_leaves":8}},"DataVersion":3465}