{"stats":{"minecraft:picked_up":{"minecraft:birch_log":8,"immersivecaves:immersive_caves_guide":1,"minecraft:oak_log":9,"minecraft:birch_sapling":1,"minecraft:dirt":45,"minecraft:cobblestone":40},"minecraft:custom":{"minecraft:time_since_rest":9014,"minecraft:damage_taken":605,"minecraft:crouch_one_cm":1399,"minecraft:sprint_one_cm":9981,"minecraft:play_time":22153,"minecraft:deaths":2,"minecraft:walk_one_cm":44224,"minecraft:sneak_time":321,"minecraft:jump":197,"minecraft:damage_dealt":58,"minecraft:leave_game":3,"minecraft:time_since_death":9427,"minecraft:total_world_time":22153,"minecraft:interact_with_crafting_table":6,"minecraft:fall_one_cm":2382,"minecraft:fly_one_cm":5151,"minecraft:open_chest":1},"minecraft:mined":{"minecraft:grass":2,"minecraft:grass_block":27,"minecraft:oak_log":9,"minecraft:dirt":7,"minecraft:birch_log":8,"minecraft:stone":24,"minecraft:birch_leaves":7,"minecraft:oak_leaves":17},"minecraft:used":{"minecraft:stone_axe":12,"minecraft:dirt":23,"minecraft:crafting_table":1,"minecraft:stone_pickaxe":20,"minecraft:chest":1,"minecraft:wooden_pickaxe":9},"minecraft:crafted":{"minecraft:chest":1,"minecraft:birch_planks":24,"minecraft:stone_axe":1,"minecraft:crafting_table":1,"minecraft:stick":16,"minecraft:stone_pickaxe":1,"minecraft:wooden_pickaxe":1}},"DataVersion":3465}