{"stats":{"minecraft:killed":{"minecraft:sheep":3},"minecraft:used":{"minecraft:stone_pickaxe":20,"minecraft:chest":1,"minecraft:wooden_pickaxe":9,"minecraft:stone_axe":12,"minecraft:torch":2,"minecraft:dirt":75,"minecraft:crafting_table":2},"minecraft:killed_by":{"minecraft:zombie":1},"minecraft:custom":{"minecraft:time_since_rest":10044,"minecraft:sprint_one_cm":105282,"minecraft:damage_taken":1846,"minecraft:walk_one_cm":174149,"minecraft:mob_kills":3,"minecraft:drop":1,"minecraft:damage_dealt":354,"minecraft:swim_one_cm":314,"minecraft:interact_with_crafting_table":8,"minecraft:fly_one_cm":96679,"minecraft:open_chest":1,"minecraft:crouch_one_cm":2090,"minecraft:play_time":59214,"minecraft:deaths":6,"minecraft:sneak_time":669,"minecraft:walk_under_water_one_cm":683,"minecraft:jump":772,"minecraft:leave_game":4,"minecraft:time_since_death":10465,"minecraft:walk_on_water_one_cm":3714,"minecraft:total_world_time":59214,"minecraft:fall_one_cm":15211},"minecraft:crafted":{"minecraft:crafting_table":1,"minecraft:stick":16,"minecraft:wooden_pickaxe":1,"minecraft:stone_pickaxe":1,"minecraft:chest":1,"minecraft:torch":4,"minecraft:birch_planks":24,"minecraft:stone_axe":1},"minecraft:picked_up":{"minecraft:birch_log":8,"minecraft:stick":1,"minecraft:crafting_table":2,"immersivecaves:immersive_caves_guide":1,"minecraft:pumpkin":6,"minecraft:oak_log":12,"minecraft:diorite":2,"minecraft:dirt":97,"minecraft:wheat_seeds":2,"minecraft:mutton":3,"minecraft:birch_sapling":1,"minecraft:coal":1,"minecraft:white_wool":3,"minecraft:cobblestone":57,"minecraft:egg":1},"minecraft:mined":{"minecraft:birch_log":8,"minecraft:birch_leaves":7,"minecraft:pumpkin":3,"minecraft:crafting_table":1,"minecraft:grass":10,"minecraft:grass_block":55,"minecraft:oak_log":9,"minecraft:dirt":32,"minecraft:tall_grass":13,"minecraft:stone":24,"minecraft:oak_leaves":28},"minecraft:dropped":{"minecraft:oak_log":3}},"DataVersion":3465}