{"stats":{"minecraft:used":{"minecraft:stone_pickaxe":20,"minecraft:chest":1,"minecraft:wooden_pickaxe":9,"minecraft:stone_axe":12,"minecraft:dirt":33,"minecraft:crafting_table":1},"minecraft:killed_by":{"minecraft:zombie":1},"minecraft:custom":{"minecraft:time_since_rest":4860,"minecraft:sprint_one_cm":20864,"minecraft:damage_taken":930,"minecraft:walk_one_cm":93089,"minecraft:damage_dealt":92,"minecraft:swim_one_cm":314,"minecraft:interact_with_crafting_table":6,"minecraft:fly_one_cm":12512,"minecraft:open_chest":1,"minecraft:crouch_one_cm":1593,"minecraft:play_time":35214,"minecraft:deaths":3,"minecraft:sneak_time":367,"minecraft:walk_under_water_one_cm":683,"minecraft:jump":304,"minecraft:leave_game":4,"minecraft:time_since_death":6866,"minecraft:walk_on_water_one_cm":3714,"minecraft:total_world_time":35214,"minecraft:fall_one_cm":3427},"minecraft:crafted":{"minecraft:crafting_table":1,"minecraft:stick":16,"minecraft:wooden_pickaxe":1,"minecraft:stone_pickaxe":1,"minecraft:chest":1,"minecraft:birch_planks":24,"minecraft:stone_axe":1},"minecraft:picked_up":{"minecraft:birch_log":8,"immersivecaves:immersive_caves_guide":1,"minecraft:pumpkin":6,"minecraft:oak_log":9,"minecraft:dirt":59,"minecraft:birch_sapling":1,"minecraft:cobblestone":40},"minecraft:mined":{"minecraft:birch_log":8,"minecraft:birch_leaves":7,"minecraft:pumpkin":3,"minecraft:grass":4,"minecraft:grass_block":39,"minecraft:oak_log":9,"minecraft:dirt":12,"minecraft:tall_grass":1,"minecraft:stone":24,"minecraft:oak_leaves":18}},"DataVersion":3465}