{"stats":{"minecraft:used":{"tombstone:gift":1,"minecraft:pumpkin":1},"minecraft:custom":{"minecraft:time_since_rest":3838,"minecraft:sprint_one_cm":6499,"minecraft:crouch_one_cm":190,"minecraft:deaths":2,"minecraft:play_time":27192,"minecraft:damage_taken":589,"minecraft:walk_one_cm":63892,"minecraft:sneak_time":43,"minecraft:walk_under_water_one_cm":1743,"minecraft:drop":2,"minecraft:jump":311,"minecraft:damage_dealt":355,"minecraft:leave_game":2,"minecraft:time_since_death":6034,"minecraft:walk_on_water_one_cm":1069,"minecraft:total_world_time":27192,"minecraft:fall_one_cm":7868,"minecraft:fly_one_cm":9203},"minecraft:crafted":{"minecraft:oak_planks":34,"minecraft:oak_wood":3,"minecraft:crafting_table":1},"minecraft:picked_up":{"immersivecaves:immersive_caves_guide":1,"minecraft:pumpkin":1,"minecraft:wheat_seeds":2,"minecraft:oak_log":13,"minecraft:dirt":4},"minecraft:mined":{"minecraft:grass":8,"minecraft:oak_log":13,"minecraft:pumpkin":4,"minecraft:oak_leaves":3},"minecraft:dropped":{"immersivecaves:immersive_caves_guide":2}},"DataVersion":3465}