{"stats":{"minecraft:used":{"tombstone:gift":1,"minecraft:pumpkin":1},"minecraft:custom":{"minecraft:time_since_rest":8183,"minecraft:deaths":1,"minecraft:play_time":15192,"minecraft:damage_taken":249,"minecraft:walk_one_cm":32711,"minecraft:walk_under_water_one_cm":1743,"minecraft:drop":2,"minecraft:jump":142,"minecraft:damage_dealt":345,"minecraft:leave_game":2,"minecraft:time_since_death":9564,"minecraft:walk_on_water_one_cm":1069,"minecraft:total_world_time":15192,"minecraft:fall_one_cm":3395,"minecraft:fly_one_cm":1413},"minecraft:picked_up":{"immersivecaves:immersive_caves_guide":1,"minecraft:pumpkin":1,"minecraft:oak_log":5,"minecraft:dirt":3},"minecraft:mined":{"minecraft:grass":3,"minecraft:oak_log":5,"minecraft:pumpkin":4,"minecraft:oak_leaves":3},"minecraft:dropped":{"immersivecaves:immersive_caves_guide":2}},"DataVersion":3465}