{"stats":{"minecraft:used":{"minecraft:cooked_mutton":1,"minecraft:stone_pickaxe":49,"minecraft:wooden_pickaxe":29,"minecraft:dirt":7,"minecraft:crafting_table":2,"minecraft:furnace":1,"tombstone:gift":1,"minecraft:pumpkin":1},"minecraft:custom":{"minecraft:time_since_rest":27838,"minecraft:interact_with_furnace":1,"minecraft:sprint_one_cm":14532,"minecraft:damage_taken":839,"minecraft:walk_one_cm":75617,"minecraft:drop":5,"minecraft:damage_dealt":115,"minecraft:interact_with_crafting_table":7,"minecraft:fly_one_cm":28665,"minecraft:crouch_one_cm":190,"minecraft:play_time":51192,"minecraft:deaths":2,"minecraft:sneak_time":43,"minecraft:walk_under_water_one_cm":1743,"minecraft:jump":447,"minecraft:leave_game":2,"minecraft:walk_on_water_one_cm":1069,"minecraft:time_since_death":30034,"minecraft:total_world_time":51192,"minecraft:fall_one_cm":9948},"minecraft:crafted":{"minecraft:oak_planks":38,"minecraft:crafting_table":1,"minecraft:stick":2,"minecraft:wooden_pickaxe":1,"minecraft:stone_pickaxe":1,"minecraft:furnace":1,"minecraft:oak_wood":3},"minecraft:picked_up":{"minecraft:crafting_table":1,"immersivecaves:immersive_caves_guide":1,"minecraft:pumpkin":1,"minecraft:torch":3,"minecraft:oak_log":13,"minecraft:dirt":26,"minecraft:cooked_mutton":1,"minecraft:wheat_seeds":2,"minecraft:coal":21,"minecraft:cobblestone":22,"minecraft:egg":1},"minecraft:mined":{"minecraft:pumpkin":4,"minecraft:crafting_table":1,"minecraft:grass":8,"minecraft:oak_log":13,"minecraft:grass_block":4,"minecraft:coal_ore":21,"minecraft:dirt":15,"minecraft:stone":24,"minecraft:oak_leaves":3,"minecraft:wall_torch":7},"minecraft:dropped":{"immersivecaves:immersive_caves_guide":2,"minecraft:oak_planks":4,"minecraft:coal":2}},"DataVersion":3465}