{"stats":{"minecraft:used":{"minecraft:stone_pickaxe":12,"minecraft:wooden_pickaxe":29,"minecraft:dirt":4,"minecraft:crafting_table":1,"tombstone:gift":1,"minecraft:pumpkin":1},"minecraft:custom":{"minecraft:time_since_rest":15838,"minecraft:sprint_one_cm":14532,"minecraft:damage_taken":609,"minecraft:walk_one_cm":69177,"minecraft:drop":4,"minecraft:damage_dealt":325,"minecraft:interact_with_crafting_table":7,"minecraft:fly_one_cm":28625,"minecraft:crouch_one_cm":190,"minecraft:play_time":39192,"minecraft:deaths":2,"minecraft:sneak_time":43,"minecraft:walk_under_water_one_cm":1743,"minecraft:jump":431,"minecraft:leave_game":2,"minecraft:walk_on_water_one_cm":1069,"minecraft:time_since_death":18034,"minecraft:total_world_time":39192,"minecraft:fall_one_cm":9948},"minecraft:crafted":{"minecraft:oak_planks":38,"minecraft:crafting_table":1,"minecraft:stick":2,"minecraft:wooden_pickaxe":1,"minecraft:stone_pickaxe":1,"minecraft:furnace":1,"minecraft:oak_wood":3},"minecraft:picked_up":{"immersivecaves:immersive_caves_guide":1,"minecraft:pumpkin":1,"minecraft:torch":1,"minecraft:oak_log":13,"minecraft:dirt":23,"minecraft:wheat_seeds":2,"minecraft:coal":2,"minecraft:cobblestone":17,"minecraft:egg":1},"minecraft:mined":{"minecraft:pumpkin":4,"minecraft:crafting_table":1,"minecraft:grass":8,"minecraft:oak_log":13,"minecraft:grass_block":4,"minecraft:coal_ore":1,"minecraft:dirt":14,"minecraft:stone":17,"minecraft:oak_leaves":3,"minecraft:wall_torch":1},"minecraft:dropped":{"immersivecaves:immersive_caves_guide":2,"minecraft:coal":2}},"DataVersion":3465}