{"stats":{"minecraft:picked_up":{"immersivecaves:immersive_caves_guide":1},"minecraft:custom":{"minecraft:jump":46,"minecraft:time_since_rest":503,"minecraft:damage_dealt":245,"minecraft:deaths":1,"minecraft:leave_game":2,"minecraft:play_time":7512,"minecraft:damage_taken":249,"minecraft:time_since_death":1884,"minecraft:walk_one_cm":5839,"minecraft:total_world_time":7512,"minecraft:fall_one_cm":1185,"minecraft:drop":2,"minecraft:fly_one_cm":713},"minecraft:dropped":{"immersivecaves:immersive_caves_guide":2}},"DataVersion":3465}